{
    "name": "Serica Rev. 1",
    "vendorId": "0x4841",
    "productId": "0x5343",  
    "keycodes": ["qmk_lighting"],
    "menus": ["qmk_rgblight"],
    "matrix": {
      "rows": 5,
      "cols": 15
    },
    "layouts": {
      "keymap":[
        [
          {
            "y": 0.2,
            "x": 0.55,
            "c": "#777777"
          },
          "0,0",
          {
            "x": 2.1500000000000004,
            "c": "#cccccc"
          },
          "0,3"
        ],
        [
          {
            "y": -0.8999999999999999,
            "x": 1.7
          },
          "0,1"
        ],
        [
          {
            "y": -1,
            "x": 2.7
          },
          "0,2"
        ],
        [
          {
            "y": -1,
            "x": 13.4
          },
          "0,12"
        ],
        [
          {
            "y": -1,
            "x": 14.4
          },
          "0,13"
        ],
        [
          {
            "y": -1,
            "x": 15.4,
            "c": "#aaaaaa",
            "w": 2
          },
          "0,14"
        ],
        [
          {
            "y": -0.10000000000000009,
            "x": 0.35
          },
          "1,0"
        ],
        [
          {
            "y": -0.9000000000000001,
            "x": 1.5,
            "w": 1.5
          },
          "1,1",
          {
            "c": "#cccccc"
          },
          "1,2",
          {
            "x": 9.1
          },
          "1,11",
          "1,12",
          "1,13",
          {
            "c": "#aaaaaa",
            "w": 1.5
          },
          "1,14"
        ],
        [
          {
            "y": -0.09999999999999964,
            "x": 0.15
          },
          "2,0"
        ],
        [
          {
            "y": -0.9000000000000004,
            "x": 1.3,
            "w": 1.75
          },
          "2,1",
          {
            "c": "#cccccc"
          },
          "2,2",
          {
            "x": 9.5
          },
          "2,11",
          "2,12",
          {
            "c": "#777777",
            "w": 2.25
          },
          "2,14"
        ],
        [
          {
            "x": 1.05,
            "c": "#aaaaaa",
            "w": 2.25
          },
          "3,1",
          {
            "c": "#cccccc"
          },
          "3,2",
          {
            "x": 8.95
          },
          "3,11",
          "3,12",
          {
            "c": "#aaaaaa"
          },
          "3,13",
          {
            "w": 1.75
          },
          "3,14"
        ],
        [
          {
            "x": 1.05,
            "w": 1.25
          },
          "4,1",
          {
            "w": 1.25
          },
          "4,2",
          {
            "x": 10.7
          },
          "4,12",
          "4,13",
          "4,14"
        ],
        [
          {
            "r": 12,
            "rx": 3.75,
            "y": 0.05,
            "x": 1.2999999999999998,
            "c": "#cccccc"
          },
          "0,4",
          "0,5",
          "0,6",
          "0,7"
        ],
        [
          {
            "x": 0.8499999999999996
          },
          "1,3",
          "1,4",
          "1,5",
          "1,6"
        ],
        [
          {
            "x": 1.0999999999999996
          },
          "2,3",
          "2,4",
          "2,5",
          "2,6"
        ],
        [
          {
            "x": 1.5499999999999998
          },
          "3,3",
          "3,4",
          "3,5",
          "3,6"
        ],
        [
          {
            "x": 2.05,
            "c": "#aaaaaa",
            "w": 1.25
          },
          "4,3",
          {
            "c": "#777777",
            "w": 2.25
          },
          "4,5"
        ],
        [
          {
            "r": -12,
            "rx": 7.25,
            "y": 1.5,
            "x": 1.6500000000000004,
            "c": "#cccccc"
          },
          "0,8",
          "0,9",
          "0,10",
          "0,11"
        ],
        [
          {
            "x": 1.1300000000000008
          },
          "1,7",
          "1,8",
          "1,9",
          "1,10"
        ],
        [
          {
            "x": 1.3800000000000008
          },
          "2,7",
          "2,8",
          "2,9",
          "2,10"
        ],
        [
          {
            "x": 0.8800000000000008
          },
          "3,7",
          "3,8",
          "3,9",
          "3,10"
        ],
        [
          {
            "x": 0.9000000000000004,
            "c": "#777777",
            "w": 2.75
          },
          "4,8",
          {
            "c": "#aaaaaa",
            "w": 1.25
          },
          "4,10"
        ]
      ]
    }
  }
